month,banks_live,volume_mn,value_cr,source_file
2024-04-01,583,13303.99,1964464.52,Product-Statistics-UPI-Product-statistics-upi-2024-25-Monthly.xlsx
2024-05-01,598,14035.84,2044937.05,Product-Statistics-UPI-Product-statistics-upi-2024-25-Monthly.xlsx
2024-06-01,602,13885.14,2007081.2,Product-Statistics-UPI-Product-statistics-upi-2024-25-Monthly.xlsx
2024-07-01,605,14435.55,2064292.41,Product-Statistics-UPI-Product-statistics-upi-2024-25-Monthly.xlsx
2024-08-01,608,14963.05,2060735.57,Product-Statistics-UPI-Product-statistics-upi-2024-25-Monthly.xlsx
2024-09-01,622,15041.75,2063994.71,Product-Statistics-UPI-Product-statistics-upi-2024-25-Monthly.xlsx
2024-10-01,632,16584.97,2349821.46,Product-Statistics-UPI-Product-statistics-upi-2024-25-Monthly.xlsx
2024-11-01,637,15482.02,2155187.4,Product-Statistics-UPI-Product-statistics-upi-2024-25-Monthly.xlsx
2024-12-01,641,16730.01,2324699.91,Product-Statistics-UPI-Product-statistics-upi-2024-25-Monthly.xlsx
2025-01-01,647,16996.0,2348037.12,Product-Statistics-UPI-Product-statistics-upi-2024-25-Monthly.xlsx
2025-02-01,653,16106.19,2196481.69,Product-Statistics-UPI-Product-statistics-upi-2024-25-Monthly.xlsx
2025-03-01,661,18301.51,2477221.61,Product-Statistics-UPI-Product-statistics-upi-2024-25-Monthly.xlsx
2025-04-01,668,17893.42,2394925.87,Product-Statistics-UPI-Product-statistics-upi-2025-26-Monthly.xlsx
2025-05-01,673,18677.46,2514297.01,Product-Statistics-UPI-Product-statistics-upi-2025-26-Monthly.xlsx
2025-06-01,675,18395.01,2403930.69,Product-Statistics-UPI-Product-statistics-upi-2025-26-Monthly.xlsx
2025-07-01,684,19467.95,2508498.09,Product-Statistics-UPI-Product-statistics-upi-2025-26-Monthly.xlsx
2025-08-01,688,20008.31,2485472.91,Product-Statistics-UPI-Product-statistics-upi-2025-26-Monthly.xlsx
2025-09-01,686,19633.43,2489736.54,Product-Statistics-UPI-Product-statistics-upi-2025-26-Monthly.xlsx
2025-10-01,683,20700.92,2727790.68,Product-Statistics-UPI-Product-statistics-upi-2025-26-Monthly.xlsx
2025-11-01,684,20466.98,2631632.63,Product-Statistics-UPI-Product-statistics-upi-2025-26-Monthly.xlsx
2025-12-01,685,21634.67,2796712.73,Product-Statistics-UPI-Product-statistics-upi-2025-26-Monthly.xlsx
2026-01-01,691,21703.44,2833481.22,Product-Statistics-UPI-Product-statistics-upi-2025-26-Monthly.xlsx
2026-02-01,694,20394.18,2684229.29,Product-Statistics-UPI-Product-statistics-upi-2025-26-Monthly.xlsx
2026-03-01,705,22641.11,2952542.05,Product-Statistics-UPI-Product-statistics-upi-2025-26-Monthly.xlsx
2026-04-01,713,22346.8,2902988.05,Product-Statistics-UPI-Product-statistics-upi-2026-27-Monthly.xlsx
2026-05-01,720,23201.93,2990424.21,Product-Statistics-UPI-Product-statistics-upi-2026-27-Monthly.xlsx
2026-06-01,731,22716.07,2892138.67,Product-Statistics-UPI-Product-statistics-upi-2026-27-Monthly.xlsx
2026-07-01,741,23658.35,2987880.49,Product-Statistics-UPI-Product-statistics-upi-2026-27-Monthly.xlsx
2026-08-01,752,24508.96,2982355.95,Product-Statistics-UPI-Product-statistics-upi-2026-27-Monthly.xlsx
