month,fiscal_year,banks_live,new_banks,volume_mn,value_cr,avg_ticket_rs,avg_daily_volume_mn,volume_mom_pct,value_mom_pct,volume_yoy_pct,value_yoy_pct
2024-04-01,FY2024-25,583,,13303.99,1964464.52,1477.0,443.5,,,,
2024-05-01,FY2024-25,598,15,14035.84,2044937.05,1457.0,452.8,5.5,4.1,,
2024-06-01,FY2024-25,602,4,13885.14,2007081.2,1445.0,462.8,-1.07,-1.85,,
2024-07-01,FY2024-25,605,3,14435.55,2064292.41,1430.0,465.7,3.96,2.85,,
2024-08-01,FY2024-25,608,3,14963.05,2060735.57,1377.0,482.7,3.65,-0.17,,
2024-09-01,FY2024-25,622,14,15041.75,2063994.71,1372.0,501.4,0.53,0.16,,
2024-10-01,FY2024-25,632,10,16584.97,2349821.46,1417.0,535.0,10.26,13.85,,
2024-11-01,FY2024-25,637,5,15482.02,2155187.4,1392.0,516.1,-6.65,-8.28,,
2024-12-01,FY2024-25,641,4,16730.01,2324699.91,1390.0,539.7,8.06,7.87,,
2025-01-01,FY2024-25,647,6,16996.0,2348037.12,1382.0,548.3,1.59,1.0,,
2025-02-01,FY2024-25,653,6,16106.19,2196481.69,1364.0,575.2,-5.24,-6.45,,
2025-03-01,FY2024-25,661,8,18301.51,2477221.61,1354.0,590.4,13.63,12.78,,
2025-04-01,FY2025-26,668,7,17893.42,2394925.87,1338.0,596.4,-2.23,-3.32,34.5,21.91
2025-05-01,FY2025-26,673,5,18677.46,2514297.01,1346.0,602.5,4.38,4.98,33.07,22.95
2025-06-01,FY2025-26,675,2,18395.01,2403930.69,1307.0,613.2,-1.51,-4.39,32.48,19.77
2025-07-01,FY2025-26,684,9,19467.95,2508498.09,1289.0,628.0,5.83,4.35,34.86,21.52
2025-08-01,FY2025-26,688,4,20008.31,2485472.91,1242.0,645.4,2.78,-0.92,33.72,20.61
2025-09-01,FY2025-26,686,-2,19633.43,2489736.54,1268.0,654.4,-1.87,0.17,30.53,20.63
2025-10-01,FY2025-26,683,-3,20700.92,2727790.68,1318.0,667.8,5.44,9.56,24.82,16.09
2025-11-01,FY2025-26,684,1,20466.98,2631632.63,1286.0,682.2,-1.13,-3.53,32.2,22.11
2025-12-01,FY2025-26,685,1,21634.67,2796712.73,1293.0,697.9,5.71,6.27,29.32,20.3
2026-01-01,FY2025-26,691,6,21703.44,2833481.22,1306.0,700.1,0.32,1.31,27.7,20.67
2026-02-01,FY2025-26,694,3,20394.18,2684229.29,1316.0,728.4,-6.03,-5.27,26.62,22.21
2026-03-01,FY2025-26,705,11,22641.11,2952542.05,1304.0,730.4,11.02,10.0,23.71,19.19
2026-04-01,FY2026-27,713,8,22346.8,2902988.05,1299.0,744.9,-1.3,-1.68,24.89,21.21
2026-05-01,FY2026-27,720,7,23201.93,2990424.21,1289.0,748.4,3.83,3.01,24.22,18.94
2026-06-01,FY2026-27,731,11,22716.07,2892138.67,1273.0,757.2,-2.09,-3.29,23.49,20.31
2026-07-01,FY2026-27,741,10,23658.35,2987880.49,1263.0,763.2,4.15,3.31,21.52,19.11
2026-08-01,FY2026-27,752,11,24508.96,2982355.95,1217.0,790.6,3.6,-0.18,22.49,19.99
